date,meaning,expression,answer,example,exampleKo
2026-07-07,"작동이 멈추다, 고장 나다",give out,gave out,My phone gave out during the trip.,여행 중에 내 휴대폰이 고장 났어.
2026-07-07,"완전히 망가진, 고장 난",shot,,My old laptop is completely shot.,내 오래된 노트북은 완전히 망가졌어.
2026-07-07,~를 끼워 넣다,squeeze someone in,squeeze me in,"The hair stylist was fully booked, but she squeezed me in during her lunch break. ",미용사는 예약이 꽉 찼지만 점심시간에 나를 끼워 넣어 줬다.
2026-07-07,녹아 없어지다,melt away,,We’ll melt away by then!,그때쯤이면 우린 녹아 없어지고 말 거야!
2026-07-07,흠집투성이인,scratched up,,My goggles are completely scratched up too. ,물안경도 온통 흠집투성이야.
2026-07-07,"열을 식히다, 진정하다",cool off,,Let me cool off with some ice cream first.,먼저 아이스크림 먹으면서 열 좀 식힐게.
2026-07-07,새로운 시작,fresh start,,It’s a fresh start after the divorce.,이혼 후 새출발이야. 
2026-07-07,한번 시도해 보다,give it a shot,,He was nervous about public speaking but decided to give it a  shot anyway.,"그는 대중 연설이 긴장됐지만, 어쨌든 시도해 보기로 했다."
2026-07-07,"포장, 포장재",packaging,,Packaging costs have gone through the roof this quarter alone.,이번 분기만 해도 포장 비용이 급등했어.
2026-07-07,"천정부지로 치솟다, 급등하다",go through the roof,went through the roof,"After the supply chain disruption, shipping costs went through the roof.",공급망 차질 이후 운송 비용이 천정부지로 치솟았다.
2026-07-07,"본전치기를 하다, 수지타산을 맞추다",break even,breaking even,"The cafe is breaking even after rent and salaries, so there’s no profit yet.",그 카페는 임대료와 급여를 주고 나면 본전치기 수준이라서 아직 이익은 나지 않고 있다.
2026-07-07,적자 상태이다,be in the red,,"If we don’t cut expenses soon, we’ll be in the red by year-end.",비용을 곧 줄이지 않으면 우리는 연말에 적자로 돌아설 것이다.
2026-07-07,수분을 유지하는,hydrated,,"Experts recommend staying hydrated, steering clear of peak heat hours, and seeking out cool space to protect both physical and mental health. ","전문가들은 신체적, 정신적 건강을 보호하기 위해 수분을 계속 섭취하고, 가장 더운 시간대를 피하며, 시원한 공간을 적극적으로 찾을 것을 권고합니다,"
2026-07-07,~에 심한 타격을 입히다,wreak havoc on,wreaked havoc on,"It wreaked havoc on the entire region - homes destroyed, power lines down everywhere.","전 지역을 초토화시켰어. 집들이 파괴되고, 곳곳에 전선이 내려앉았어."
2026-07-07,"~을 피하다, ~을 멀리하다",steer clear of,,My doctor told me to steer clear of processed foods and sugar.,의사가 나에게 가공 식품과 설탕을 피하라고 했다. 
2026-07-07,적극적으로 찾다,seek out,sought out,I actively sought out experts in my field and asked for guidance.,내 분야의 전문가들을 적극적으로 찾아가 조언을 구했어.
2026-07-07,바가지 관광,tourist trap,,"I want the real deal, not a tourist trap.","난 진짜를 원해, 바가지 관광지 말고."
2026-07-07,"진짜, 진품",the real deal,,"After trying many imitations, I finally tasted the real deal carbonara at a family-run Italian restaurant in Rome.","나는 흉내만 낸 까르보나라를 많이 먹어 본 후, 마침내 로마의 한 가족이 운영하는 이탈리안 레스토랑에서 진짜 까르보나라를 맛봤다."
2026-07-07,~하기로 마음먹은,set on,,I’m set on becoming a chef no matter what it takes.,무슨 일이 있어도 셰프가 되기로 마음먹었어.
2026-07-07,군중을 피하다,beat the crowds,,Let’s go Saturday morning to beat the crowds.,토요일 아침에 가서 혼잡을 피하자.
2026-07-14,식은 죽 먹기,breeze,,Picking up the rental car was a breeze.,렌터카 픽업하는 것도 식은 죽 먹기였어.
2026-07-14,"시작하다, 개시하다",kick things off,,The keynotes speaker will kick things off at 9AM sharp.,기조연설자가 정확히 오전 9시에 시작할 거야.
2026-07-14,"~을 탐색하다, ~을 살펴보다",scope out,scoped out,"Before signing the lease, we scoped out the neighborhood to check safety and amenities.",임대차 계약서에 서명하기 전에 우리는 안전과 편의 시설을 확인하려고 동네를 살펴봤다.
2026-07-14,"(관련된) 모든 것, 전부다",the works,,"She ordered a spa day with the works: massage, facial, manicure and pedicure.","그녀는 마사지, 페이셜 관리, 매니큐어, 패디큐어까지 풀 패키지로 스파 서비스를 주문했다."
2026-07-14,"혹독한, 끔찍한",brutal,,Work was brutal today because I’m so exhausted.,너무 진이 빠져서 오늘은 일도 진짜 힘들었어.
2026-07-14,(잠을 못 자고) 뒤척이다,toss and turn,tossed and turned,I just tossed and turned all night worrying about the exam.,시험 걱정에 밤새 뒤척였을 뿐이야.
2026-07-14,땀에 흠뻑 젖은,drenched in sweat,,I was drenched in sweat by the end.,끝날 무렵엔 땀에 흠뻑 젖었어.
2026-07-14,(어려운 상황 등을) 견뎌 내다,get through,,We’ll get through it together.,우린 함께 헤쳐 나갈 거야.
2026-07-14,김 서림 방지의,anti-fog,,Get anti-fog ones.,김 서림 방지 제품을 사.
2026-07-14,"너무나도, 지나치게",way too,,This suitcase is way too heavy for me.,이 여향 가방은 나에게 너무 무겁다.
2026-07-14,"수리할 수 없는, 구제불능의",beyond saving,,"After the flood, most of the furniture was beyond saving.",홍수가 난 후에 가구 대부분이 손을 쓸 수 없게 됐다.
2026-07-14,~을 지나치게 아끼다,skimp on,,I never skimp on car repairs. Safety comes first.,난 차 수리는 절대 아끼지 않아. 안전이 우선이니까.
2026-07-14,~을 줄이다(절감하다),cut back on,,I cut back on sugar and started exercising more.,설탕을 줄이고 운동을 더 많이 하기 시작했어.
2026-07-14,~을 선택하다,opt for,opted for,I opted for the monthly subscription. It’s more flexible.,월간 구독으로 선택했어. 그게 더 유연하니까.
2026-07-14,어떻게든 잘 해내다,make it work,,"We’ll have to get creative and make it work somehow,",창의적으로 생각해서 어떻게든 해내야 할 거야.
2026-07-14,"만질 수 있는, 실재하는",tangible,,People want something tangible they can hold again.,사람들이 다시 손에 잡히는 실체가 있는 것을 원하고 있다.
2026-07-14,"트랜드를 이끌다, 유행을 주도하다",drive the trend,driving the trend,Tech-savvy young professionals are driving the trend.,기술에 정통한 젊은 전문가들이 트렌드를 이끌고 있어.
2026-07-14,"~에 질린, ~이 지긋지긋한",fed up with,,I was fed up with the long hours and low pay.,긴 근무 시간과 낮은 급여에 질렸어.
2026-07-14,"유행하다, 인기를 얻다",catch on,caught on,The minimalist lifestyle trend caught on quickly among millennials.,미니멀리스트 라이프 스타일 트랜드가 밀레니얼 세대 사이에서 빠르게 유행했다.
2026-07-14,"푸짐한, 넉넉한",generous,,Toppings are generous.,토핑이 푸짐하다.
2026-07-14,망설이지 않고 하다,go for it,,I decided to go for it despite my fears.,두려움에도 불구하고 해 보기로 결심했다.
2026-07-14,"~에 집착하다, ~에 매달리다",obsess over,obsessing over,He is obsessing over the exam results.,그는 시험 결과에 집착하고 있어. 
2026-07-14,"큰 차이를 만들다, 결정적인 요인이다",make all the difference,makes all the difference,It makes all the difference in how the dish tastes.,요리 맛을 결정 짓는 중요한 요소야.
2026-09-08,영화의 한 장면 같은,straight out of a movie,,"The old train station looked straight out of a movie, with steam rising off the tracks.",그 오래된 기차역은 선로 위로 증기가 피어오르는 모습이 마치 영화 속 한 장면 같았다.
2026-09-08,"현실을 초월한, 존재감이 압도적인",larger than life,,Her personality is larger than life; she fills up any room she walks into.,그녀의 성격은 실제보다 훨씬 더 강렬해서 어느 방에 들어가든 존재감으로 가득 찬다.
2026-09-08,"온몸으로 흡수하다, 만끽하다",take it in,taking it in,"He paused in the doorway of his childhood home, taking it in.",그는 어릴 적 살던 집 문 앞에 멈춰 서서 모든 걸 눈에 담았다.
2026-09-08,"천천히 하세요, 서두르지 마세요",take your time,,Take your time. The taxi isn’t coming for another hour.,서두르지 마세요. 택시는 한 시간 후에나 올 거예요.
2026-09-08,평소답지 않다,be not oneself,are not yourself,You are not yourself today.,오늘 평소답지 않으세요.
2026-09-08,"방치되다, 간과되다",slip through the cracks,,Inner city kids can sometimes slip through the cracks at large schools.,도심 저소득층 아이들은 때때로 큰 학교에서 소외될 수도 있다.
2026-09-08,"~의 진상을 밝혀내다, ~을 철저히 파헤치다",get to the bottom of,,The doctors are still trying to get to the bottom of her symptoms.,의사들이 아직도 그녀가 가진 증상의 원인을 밝혀내려 하고 있다.
2026-09-08,그럴 것 같았어,I figured as much,,I figured as much.,그럴 것 같았어. 예상했던 일이야.
2026-09-08,돌려 말하지 않고 솔직하게 말하다,don’t hold back,didn’t hold back,She didn’t hold back when giving her honest review of the restaurant.,그녀는 돌려 말하지 않고 그 식당에 대한 솔직한 후기를 남겼다.
2026-09-08,~을 조기에 발견하다,catch something early,caught the cavity early,"The dentist caught the cavity early, before it caused any pain.",치과 의사가 통증이 생기기 전에 충치를 일찍 발견했다.
2026-09-08,"~의 싹을 자르다, ~을 초기에 진화하다",nip something in the bud,nip it in the bud,Better nip it in the bud before she ruins the whole thing.,전체를 망가뜨리기 전에 싸을 자르는 게 낫겠다.
2026-09-08,"다행인 건~, 좋은 소식은~",The good news is ,,The good news is the sale on the couch got extended through the weekend.,"다행인 건, 소파 세일이 주말까지 연장됐다는 거야."
2026-09-08,공복 혈당,fasting blood glucose,,Your fasting blood glucose puts you in the prediabetic range.,공복 혈당 수치가 당뇨 전 단계에 해당돼요.
2026-09-08,기준을 넘어설 정도로 매우 높은,off the charts,,Ratings for the drama’s finale were off the charts compared to earlier episodes.,그 드라마의 마지막회 시청률은 이전 회차들에 비하면 어마어마했다.
2026-09-08,"승승장구하는, 제대로 탄력을 받은",on a roll,,"The volleyball team has been on a roll, winning every match since March.",배구팀이 3월부터 매 경기를 승리하면서 승승장구하고 있다.
2026-09-08,"분위기를 파악하다, 눈치를 살피다",read the room,,"The comedian didn’t read the room, and the jokes fell completely flat.",그 코미디언은 분위기를 파악하지 못해서 농담들의 반응이 완전히 썰렁했다.
2026-09-08,"그럴만 하다, 이해가 된다",It makes sense,,It makes sense that bus fares went up after the fuel cost increase.,유가 인상 이후에 버스 요금이 오른 건 그럴 만해.
2026-09-08,"긍정적인, 낙관적인",upbeat,,Everyone seems upbeat about it.,다들 분위기가 고조된 것 같아.
2026-09-08,"뿌리를 내리다, 정착하다",take root,taking root,The idea of a four-day work week is slowly taking root in several countries.,주 4일 근무 개념이 여러 나라에서 서서히 정착되고 있다.
2026-09-08,"관련되다, 함께 가다",go hand in hand,,Curiosity and learning go hand in hand at that age.,그 나이대엔 호기심이랑 학습이 함께 간다.
2026-09-08,"깊은 흔적을 남기다, 강한 영향을 미치다",leave one’s mark,left its mark,That year really left its mark on me.,그해는 정말 나에게 깊은 흔적을 남겼어.
2026-09-08,~하기 시작하고 있다,is staring to,,Her English is staring to sound a lot more natural.,그녀의 영어가 훨씬 더 자연스럽게 들리기 시작하고 있어요. 
2026-09-08,위탁,referral,,The patient needs a referral to a specialist.,그 환자는 전문의에게 위탁이 필요하다. 
2026-09-08,~을 마음대로 고르다,have one’s pick of something,have your pick of,You basically have your pick of industries to apply to.,기본적으로 지원할 업계를 마음대로 고를 수 있네.
2026-09-08,"잘 조합하다, 섞어서 맞추다",mix and match,mixed and matched,The kids mixed and matched socks since none of the pairs matched anymore.,짝이 맞는 양말이 이제 하나도 없어서 아이들은 양말을 이것저것 섞어서 신었다.
2026-09-08,"두 가지 상이한 것의 각각의 장점, 일거양득",the best of both worlds,,My new place give me the best of both worlds. ,내 새집은 두 마리 토끼를 다 잡은 것 같아.
2026-09-08,~하지 그래?,why not ~?,,Why not invite the whole family to celebrate together?,온 가족을 초대해서 다 같이 축하하는 게 어때요?
2026-09-15,~에게 소름이 돋게 하다,give someone goosebumps,gave me goosebumps,It gave me goosebumps. ,소름 돋았어.
2026-09-15,"유일무이한 것, 독보적인 것",one of a kind,,"Her wedding dress was one of a kind, designed just for her.",그녀의 웨딩드레스는 오직 그녀만을 위해 디자인된 독보적인 것이었다.
2026-09-15,전통이 깊은,steeped in tradition,,"The tea ceremony was steeped in tradition, with every movement passed down for generations.","다도는 전통이 깊었으며, 모든 동작이 여러 세대에 걸쳐 전해져 내려온 것이었다."
2026-09-15,~하는 시간 내내,the whole time,,She was texting the whole time during the movie.,그녀는 영화를 보는 내내 문자를 하고 있었어.
2026-09-15,전사,warrior,warriors,Poi actually began as training for warriors.,포이는 사실 전사들의 훈련으로 시작된 거예요.
2026-09-15,"~의 마음을 짓누르다, ~에게 부담을 주다",weigh on someone,weighing on me,"The layoffs have been weighing on me, I keep wondering if my team is next.",그 정리 해고 소식이 계속 마음에 걸려서 다음 차례는 우리 팀이 아닐지 계속 신경 쓰여.
2026-09-15,~에 대해 속내를 털어놓다,open up about,opened up about,He opened up about his struggles with anxiety during the podcast interview.,그는 팟캐스트 인터뷰에서 불안 장애로 힘들었다는 사실을 털어놓았다.
2026-09-15,감당해야 할 일이 너무 많다,have  a lot on one’s plate,have a lot on my plate,I already have a lot on my plate with the merger paperwork this work.,이번 달 합병 서류 작업 때문에 이미 할 일이 태산이야.
2026-09-15,~인 것 같네,Sounds like ,,Sounds like she’s really into you.,그녀가 당신한테 정말 관심이 있나 봐요.
2026-09-15,집중하다,concentrate,,It's hard to concentrate once I get home.,집에 가면 집중하기가 힘들어요.
2026-09-15,"미루다, 연기하다",put off,,She put off doing her taxes until the very last week.,그녀는 세금 신고를 마지막 주까지 미뤘다.
2026-09-15,"~을 가슴 깊이 새기다, ~을 진지하게 받아들이다.",take something to heart,took it to heart,I took it to heart and cut nearly a thousand words from each one.,그 조언을 새겨듣고 각 챕터마다 천 단어 가까이 덜어 냈어.
2026-09-15,"상당한 수치에 달하다, 의미 있는 결과가 되다",amount to something,,Small habits like that can amount to something over time.,그런 작은 습관들이 시간이 지나면서 의미 있는 결과로 이어질 수 있어.
2026-09-15,"그거면 충분해, 그거면 됐어.",That’s all I ask.,,That’s all I ask.,그거면 충분해. 그거면 됐어요.
2026-09-15,건강 검진,checkup,checkups,How often do I need to come back in for checkups?,검진을 받으러 얼마나 자주 다시 와야 하나요?
2026-09-15,논거를 제시하다,make one’s case,make her case,She only had five minutes to make her case to the scholarship committee.,그녀는 장학금 위원회에 자신의 명분을 내새울 시간이 단 5분밖에 없었다.
2026-09-15,"(비판, 거절 등을 무릅쓰고)자신을 과감하게 드러내다",put oneself out there,put himself out there,He needs to put himself out there before someone else does.,다른 사람이 하기 전에 그가 용기를 내야지.
2026-09-15,(압박에 밀리지 않고) 자기 입장을 고수하다,hold one’s ground,held his ground,"Despite the boos from the crowd, the referee held his ground on the call.",관중들의 야유에도 불구하고 심판은 굽히지 않고 자신의 판정을 고수했다.
2026-09-15,~하는 걸 두려워하지 마,Don't be afraid to,,Don’t be afraid to return the shirt if it doesn’t fit right.,셔츠가 안 맞으면 반품하는 걸 두려워하지 마.
2026-09-15,"지나치게 강압적인, 밀어붙이는",pushy,,I don’t want to seem pushy or ungrateful.,막무가내로 밀어붙이거나 감사할 줄 모르는 사람처럼 보이고 싶지 않거든.
2026-09-15,"~을 밝히다, ~에 대해 실마리를 제공하다",shed light on,,Her diary entries shed light on what life was really like back then.,그녀의 일기장 속 기록들은 그 당시의 삶이 실제로 어땠는지 밝혀 준다.
2026-09-15,"~을 기대하다, ~에 대한 희망을 품다",hold out hope for,holding out hope for,Fans are still holding out hope for a season three.,팬들은 아직도 시즌 3에 대한 희망을 품고 있다.
2026-09-15,"~을 위한 길을 닦다, ~의 발판을 마련하다",pave the way for,paved the way for,He paved the way for fusion cuisine as we know it now.,그는 지금 우리가 아는 퓨전 요리를 위한 길을 닦아 줬으니까.
2026-09-15,~함으로써,by ~ ing,by listening,"By listening more than talking, she became a better manager.",말하기보다 더 많이 들음으로써 그녀는 더 좋은 관리자가 됐다.
2026-09-15,~을 듬뿍 넣다,go heavy on something,,I like go heavy on the garlic on everything I make.,나는 무엇을 만들든 마늘을 듬뿍 넣는 것을 좋아한다.
2026-09-15,"가볍게 유지하다, 조금만 넣다",keep it light,kept it light,She kept it light with her makeup for the beach trip.,그녀는 해변 여행을 갈 때 화장을 엷게 했다.
2026-09-15,~을 얹어 마무리하다,top something off with,topped off the cake with,He topped off the cake with fresh strawberries.,그는 케이크에 신선한 딸기를 얹어 마무리했다.
2026-09-15,좋은 생각이야,Good call,,"Good call grabbing a jacket, it got cold fast tonight.","재킷을 챙긴 건 좋은 생각이었어, 오늘 밤 갑자기 추워졌잖아."
2026-09-15,몹시 배고픈,starving,,I'm actually starving today.,오늘 진짜 배고파 죽겠어.